"filename","width","height"
"Avinash_1.jpg","167","161"
"Avinash_10.jpg","182","186"
"Avinash_11.jpg","186","184"
"Avinash_12.jpg","195","202"
"Avinash_13.jpg","203","193"
"Avinash_14.jpg","193","179"
"Avinash_15.jpg","185","196"
"Avinash_16.jpg","191","187"
"Avinash_17.jpg","199","188"
"Avinash_18.jpg","198","188"
"Avinash_19.jpg","188","197"
"Avinash_2.jpg","179","179"
"Avinash_20.jpg","88","79"
"Avinash_21.jpg","85","76"
"Avinash_22.jpg","80","80"
"Avinash_23.jpg","79","83"
"Avinash_24.jpg","79","71"
"Avinash_25.jpg","83","80"
"Avinash_26.jpg","70","57"
"Avinash_27.jpg","63","60"
"Avinash_28.jpg","65","59"
"Avinash_29.jpg","82","76"
"Avinash_3.jpg","164","180"
"Avinash_30.jpg","127","171"
"Avinash_4.jpg","161","179"
"Avinash_5.jpg","172","179"
"Avinash_6.jpg","161","180"
"Avinash_7.jpg","172","186"
"Avinash_8.jpg","159","177"
"Avinash_9.jpg","186","202"
"Dileep_10.jpg","210","189"
"Dileep_100.jpg","130","97"
"Dileep_101.jpg","128","112"
"Dileep_102.jpg","105","79"
"Dileep_104.jpg","118","101"
"Dileep_106.jpg","197","161"
"Dileep_107.jpg","188","160"
"Dileep_108.jpg","161","134"
"Dileep_109.jpg","165","138"
"Dileep_12.jpg","41","26"
"Dileep_13.jpg","105","96"
"Dileep_14.jpg","128","115"
"Dileep_15.jpg","307","261"
"Dileep_17.jpg","308","265"
"Dileep_18.jpg","96","80"
"Dileep_19.jpg","94","72"
"Dileep_2.jpg","239","213"
"Dileep_20.jpg","94","74"
"Dileep_21.jpg","95","71"
"Dileep_22.jpg","93","77"
"Dileep_23.jpg","107","97"
"Dileep_24.jpg","117","95"
"Dileep_25.jpg","111","90"
"Dileep_26.jpg","130","135"
"Dileep_28.jpg","144","124"
"Dileep_29.jpg","141","130"
"Dileep_3.jpg","239","212"
"Dileep_31.jpg","137","131"
"Dileep_32.jpg","139","122"
"Dileep_33.jpg","353","320"
"Dileep_34.jpg","243","206"
"Dileep_35.jpg","237","202"
"Dileep_36.jpg","351","299"
"Dileep_38.jpg","227","193"
"Dileep_4.jpg","216","210"
"Dileep_40.jpg","141","109"
"Dileep_41.jpg","147","110"
"Dileep_42.jpg","216","195"
"Dileep_43.jpg","214","199"
"Dileep_44.jpg","222","196"
"Dileep_45.jpg","227","197"
"Dileep_47.jpg","219","193"
"Dileep_48.jpg","235","197"
"Dileep_49.jpg","342","320"
"Dileep_5.jpg","211","204"
"Dileep_50.jpg","331","313"
"Dileep_51.jpg","217","180"
"Dileep_52.jpg","331","290"
"Dileep_53.jpg","277","232"
"Dileep_54.jpg","277","245"
"Dileep_55.jpg","244","240"
"Dileep_56.jpg","266","219"
"Dileep_57.jpg","80","61"
"Dileep_58.jpg","287","223"
"Dileep_59.jpg","244","223"
"Dileep_6.jpg","225","214"
"Dileep_60.jpg","291","241"
"Dileep_61.jpg","339","321"
"Dileep_62.jpg","230","203"
"Dileep_63.jpg","226","206"
"Dileep_64.jpg","221","170"
"Dileep_65.jpg","281","237"
"Dileep_66.jpg","76","67"
"Dileep_67.jpg","75","47"
"Dileep_68.jpg","143","106"
"Dileep_69.jpg","164","135"
"Dileep_7.jpg","224","210"
"Dileep_70.jpg","173","183"
"Dileep_71.jpg","222","183"
"Dileep_72.jpg","216","178"
"Dileep_73.jpg","119","112"
"Dileep_74.jpg","113","98"
"Dileep_75.jpg","117","108"
"Dileep_76.jpg","122","107"
"Dileep_77.jpg","131","109"
"Dileep_78.jpg","147","128"
"Dileep_79.jpg","344","290"
"Dileep_8.jpg","59","34"
"Dileep_80.jpg","323","295"
"Dileep_81.jpg","319","260"
"Dileep_83.jpg","319","267"
"Dileep_84.jpg","314","270"
"Dileep_85.jpg","309","259"
"Dileep_87.jpg","329","294"
"Dileep_88.jpg","332","305"
"Dileep_89.jpg","343","303"
"Dileep_9.jpg","57","47"
"Dileep_90.jpg","328","318"
"Dileep_91.jpg","302","262"
"Dileep_92.jpg","307","276"
"Dileep_93.jpg","303","264"
"Dileep_94.jpg","86","59"
"Dileep_95.jpg","78","61"
"Dileep_96.jpg","181","157"
"Dileep_97.jpg","179","161"
"Dileep_99.jpg","181","155"
"Dwarakish_1.jpg","69","53"
"Dwarakish_10.jpg","141","103"
"Dwarakish_101.jpg","57","47"
"Dwarakish_102.jpg","58","46"
"Dwarakish_103.jpg","104","78"
"Dwarakish_104.jpg","97","76"
"Dwarakish_105.jpg","96","78"
"Dwarakish_106.jpg","64","53"
"Dwarakish_107.jpg","371","319"
"Dwarakish_108.jpg","371","313"
"Dwarakish_109.jpg","372","320"
"Dwarakish_11.jpg","142","112"
"Dwarakish_111.jpg","372","197"
"Dwarakish_112.jpg","96","70"
"Dwarakish_113.jpg","92","76"
"Dwarakish_114.jpg","97","75"
"Dwarakish_115.jpg","98","73"
"Dwarakish_116.jpg","97","78"
"Dwarakish_117.jpg","94","71"
"Dwarakish_118.jpg","98","87"
"Dwarakish_119.jpg","96","83"
"Dwarakish_12.jpg","146","116"
"Dwarakish_120.jpg","109","75"
"Dwarakish_121.jpg","121","92"
"Dwarakish_122.jpg","131","101"
"Dwarakish_123.jpg","140","114"
"Dwarakish_125.jpg","94","73"
"Dwarakish_127.jpg","94","73"
"Dwarakish_128.jpg","134","90"
"Dwarakish_129.jpg","119","108"
"Dwarakish_13.jpg","127","108"
"Dwarakish_130.jpg","140","101"
"Dwarakish_131.jpg","157","146"
"Dwarakish_132.jpg","176","146"
"Dwarakish_133.jpg","120","75"
"Dwarakish_134.jpg","110","71"
"Dwarakish_135.jpg","120","83"
"Dwarakish_136.jpg","182","143"
"Dwarakish_137.jpg","205","178"
"Dwarakish_138.jpg","178","150"
"Dwarakish_139.jpg","140","96"
"Dwarakish_14.jpg","138","106"
"Dwarakish_141.jpg","148","101"
"Dwarakish_143.jpg","142","113"
"Dwarakish_144.jpg","128","99"
"Dwarakish_145.jpg","130","97"
"Dwarakish_146.jpg","177","189"
"Dwarakish_147.jpg","147","111"
"Dwarakish_148.jpg","152","111"
"Dwarakish_149.jpg","75","59"
"Dwarakish_15.jpg","129","106"
"Dwarakish_150.jpg","58","47"
"Dwarakish_151.jpg","86","64"
"Dwarakish_152.jpg","59","42"
"Dwarakish_153.jpg","57","38"
"Dwarakish_154.jpg","124","92"
"Dwarakish_157.jpg","127","109"
"Dwarakish_158.jpg","151","101"
"Dwarakish_159.jpg","150","108"
"Dwarakish_16.jpg","128","95"
"Dwarakish_160.jpg","100","59"
"Dwarakish_162.jpg","82","70"
"Dwarakish_163.jpg","88","68"
"Dwarakish_164.jpg","249","198"
"Dwarakish_165.jpg","275","236"
"Dwarakish_166.jpg","247","251"
"Dwarakish_167.jpg","146","128"
"Dwarakish_168.jpg","171","96"
"Dwarakish_169.jpg","156","104"
"Dwarakish_17.jpg","134","98"
"Dwarakish_170.jpg","127","110"
"Dwarakish_171.jpg","96","68"
"Dwarakish_173.jpg","90","67"
"Dwarakish_174.jpg","35","29"
"Dwarakish_175.jpg","40","31"
"Dwarakish_176.jpg","51","30"
"Dwarakish_177.jpg","122","87"
"Dwarakish_178.jpg","161","120"
"Dwarakish_179.jpg","184","132"
"Dwarakish_18.jpg","126","106"
"Dwarakish_180.jpg","43","34"
"Dwarakish_181.jpg","288","214"
"Dwarakish_182.jpg","302","224"
"Dwarakish_183.jpg","288","221"
"Dwarakish_184.jpg","54","37"
"Dwarakish_185.jpg","52","41"
"Dwarakish_188.jpg","86","68"
"Dwarakish_189.jpg","60","45"
"Dwarakish_19.jpg","141","105"
"Dwarakish_190.jpg","62","48"
"Dwarakish_191.jpg","84","67"
"Dwarakish_192.jpg","145","120"
"Dwarakish_195.jpg","167","131"
"Dwarakish_197.jpg","152","118"
"Dwarakish_198.jpg","148","121"
"Dwarakish_199.jpg","59","50"
"Dwarakish_2.jpg","68","36"
"Dwarakish_200.jpg","66","46"
"Dwarakish_201.jpg","158","115"
"Dwarakish_202.jpg","85","64"
"Dwarakish_203.jpg","43","32"
"Dwarakish_21.jpg","135","106"
"Dwarakish_22.jpg","122","106"
"Dwarakish_23.jpg","138","107"
"Dwarakish_24.jpg","126","93"
"Dwarakish_25.jpg","121","93"
"Dwarakish_27.jpg","129","91"
"Dwarakish_28.jpg","124","97"
"Dwarakish_29.jpg","117","98"
"Dwarakish_3.jpg","62","49"
"Dwarakish_30.jpg","66","52"
"Dwarakish_32.jpg","67","52"
"Dwarakish_33.jpg","80","59"
"Dwarakish_34.jpg","47","40"
"Dwarakish_35.jpg","61","44"
"Dwarakish_36.jpg","57","40"
"Dwarakish_39.jpg","184","151"
"Dwarakish_40.jpg","182","153"
"Dwarakish_41.jpg","185","150"
"Dwarakish_42.jpg","193","143"
"Dwarakish_43.jpg","181","153"
"Dwarakish_45.jpg","70","60"
"Dwarakish_46.jpg","66","38"
"Dwarakish_48.jpg","36","32"
"Dwarakish_49.jpg","45","28"
"Dwarakish_5.jpg","65","47"
"Dwarakish_50.jpg","46","39"
"Dwarakish_51.jpg","51","35"
"Dwarakish_53.jpg","67","50"
"Dwarakish_57.jpg","44","37"
"Dwarakish_58.jpg","141","108"
"Dwarakish_59.jpg","142","121"
"Dwarakish_6.jpg","70","48"
"Dwarakish_60.jpg","111","76"
"Dwarakish_61.jpg","154","122"
"Dwarakish_62.jpg","68","47"
"Dwarakish_63.jpg","64","46"
"Dwarakish_64.jpg","53","34"
"Dwarakish_65.jpg","49","44"
"Dwarakish_66.jpg","50","36"
"Dwarakish_67.jpg","52","36"
"Dwarakish_68.jpg","46","39"
"Dwarakish_69.jpg","50","41"
"Dwarakish_7.jpg","101","58"
"Dwarakish_70.jpg","50","37"
"Dwarakish_71.jpg","53","39"
"Dwarakish_72.jpg","55","36"
"Dwarakish_74.jpg","62","46"
"Dwarakish_75.jpg","73","52"
"Dwarakish_77.jpg","81","61"
"Dwarakish_78.jpg","95","73"
"Dwarakish_79.jpg","39","30"
"Dwarakish_8.jpg","96","70"
"Dwarakish_80.jpg","162","131"
"Dwarakish_81.jpg","36","24"
"Dwarakish_83.jpg","87","67"
"Dwarakish_85.jpg","94","67"
"Dwarakish_86.jpg","83","49"
"Dwarakish_87.jpg","92","75"
"Dwarakish_89.jpg","91","73"
"Dwarakish_9.jpg","118","82"
"Dwarakish_90.jpg","229","199"
"Dwarakish_91.jpg","233","198"
"Dwarakish_93.jpg","234","197"
"Dwarakish_94.jpg","230","206"
"Dwarakish_95.jpg","145","120"
"Dwarakish_97.jpg","149","122"
"Dwarakish_98.jpg","54","39"
"Dwarakish_99.jpg","120","86"
"facial-expressions_2868588k.jpg","536","347"
"FaridaJalal_1.jpg","63","53"
"FaridaJalal_10.jpg","99","92"
"FaridaJalal_100.jpg","76","71"
"FaridaJalal_101.jpg","57","66"
"FaridaJalal_102.jpg","62","50"
"FaridaJalal_103.jpg","64","44"
"FaridaJalal_104.jpg","79","58"
"FaridaJalal_105.jpg","47","39"
"FaridaJalal_106.jpg","46","35"
"FaridaJalal_107.jpg","101","90"
"FaridaJalal_108.jpg","112","64"
"FaridaJalal_109.jpg","154","119"
"FaridaJalal_11.jpg","78","60"
"FaridaJalal_110.jpg","75","53"
"FaridaJalal_111.jpg","263","194"
"FaridaJalal_112.jpg","158","90"
"FaridaJalal_12.jpg","96","80"
"FaridaJalal_13.jpg","91","82"
"FaridaJalal_14.jpg","108","88"
"FaridaJalal_15.jpg","52","37"
"FaridaJalal_16.jpg","51","31"
"FaridaJalal_17.jpg","124","93"
"FaridaJalal_18.jpg","58","51"
"FaridaJalal_19.jpg","55","46"
"FaridaJalal_2.jpg","35","32"
"FaridaJalal_20.jpg","83","70"
"FaridaJalal_21.jpg","61","48"
"FaridaJalal_22.jpg","62","47"
"FaridaJalal_23.jpg","59","47"
"FaridaJalal_24.jpg","31","23"
"FaridaJalal_28.jpg","54","49"
"FaridaJalal_29.jpg","73","58"
"FaridaJalal_3.jpg","102","89"
"FaridaJalal_30.jpg","64","37"
"FaridaJalal_31.jpg","108","80"
"FaridaJalal_32.jpg","53","36"
"FaridaJalal_33.jpg","95","80"
"FaridaJalal_34.jpg","102","63"
"FaridaJalal_35.jpg","101","77"
"FaridaJalal_36.jpg","120","91"
"FaridaJalal_37.jpg","98","88"
"FaridaJalal_38.jpg","109","90"
"FaridaJalal_39.jpg","119","91"
"FaridaJalal_4.jpg","114","99"
"FaridaJalal_40.jpg","36","32"
"FaridaJalal_41.jpg","44","38"
"FaridaJalal_42.jpg","43","37"
"FaridaJalal_43.jpg","50","52"
"FaridaJalal_44.jpg","62","52"
"FaridaJalal_45.jpg","56","50"
"FaridaJalal_46.jpg","72","56"
"FaridaJalal_47.jpg","121","96"
"FaridaJalal_48.jpg","147","110"
"FaridaJalal_49.jpg","148","124"
"FaridaJalal_5.jpg","119","106"
"FaridaJalal_50.jpg","108","105"
"FaridaJalal_51.jpg","189","137"
"FaridaJalal_52.jpg","191","162"
"FaridaJalal_53.jpg","182","165"
"FaridaJalal_54.jpg","202","173"
"FaridaJalal_55.jpg","79","55"
"FaridaJalal_56.jpg","117","103"
"FaridaJalal_57.jpg","135","119"
"FaridaJalal_58.jpg","133","111"
"FaridaJalal_59.jpg","101","81"
"FaridaJalal_6.jpg","113","100"
"FaridaJalal_60.jpg","103","83"
"FaridaJalal_61.jpg","115","95"
"FaridaJalal_62.jpg","131","127"
"FaridaJalal_63.jpg","69","47"
"FaridaJalal_64.jpg","62","61"
"FaridaJalal_65.jpg","64","57"
"FaridaJalal_66.jpg","65","57"
"FaridaJalal_67.jpg","85","76"
"FaridaJalal_68.jpg","79","75"
"FaridaJalal_69.jpg","260","222"
"FaridaJalal_7.jpg","119","107"
"FaridaJalal_70.jpg","84","64"
"FaridaJalal_71.jpg","63","55"
"FaridaJalal_72.jpg","99","88"
"FaridaJalal_73.jpg","105","81"
"FaridaJalal_74.jpg","76","63"
"FaridaJalal_75.jpg","47","38"
"FaridaJalal_76.jpg","86","74"
"FaridaJalal_77.jpg","86","77"
"FaridaJalal_78.jpg","53","40"
"FaridaJalal_79.jpg","43","33"
"FaridaJalal_8.jpg","106","102"
"FaridaJalal_80.jpg","59","54"
"FaridaJalal_81.jpg","62","46"
"FaridaJalal_82.jpg","76","61"
"FaridaJalal_83.jpg","44","36"
"FaridaJalal_84.jpg","39","33"
"FaridaJalal_85.jpg","38","34"
"FaridaJalal_86.jpg","47","37"
"FaridaJalal_87.jpg","60","55"
"FaridaJalal_88.jpg","60","56"
"FaridaJalal_89.jpg","63","57"
"FaridaJalal_9.jpg","120","104"
"FaridaJalal_90.jpg","106","90"
"FaridaJalal_91.jpg","58","57"
"FaridaJalal_92.jpg","51","62"
"FaridaJalal_93.jpg","64","57"
"FaridaJalal_94.jpg","63","52"
"FaridaJalal_95.jpg","67","57"
"FaridaJalal_96.jpg","51","43"
"FaridaJalal_97.jpg","38","36"
"FaridaJalal_98.jpg","79","56"
"FaridaJalal_99.jpg","71","56"
"HrithikRoshan_1.jpg","87","102"
"HrithikRoshan_10.jpg","154","129"
"HrithikRoshan_100.jpg","180","141"
"HrithikRoshan_101.jpg","43","28"
"HrithikRoshan_102.jpg","32","25"
"HrithikRoshan_103.jpg","65","45"
"HrithikRoshan_104.jpg","63","43"
"HrithikRoshan_105.jpg","95","69"
"HrithikRoshan_107.jpg","96","68"
"HrithikRoshan_108.jpg","83","69"
"HrithikRoshan_109.jpg","74","59"
"HrithikRoshan_11.jpg","175","129"
"HrithikRoshan_110.jpg","50","63"
"HrithikRoshan_111.jpg","74","63"
"HrithikRoshan_112.jpg","74","38"
"HrithikRoshan_113.jpg","85","64"
"HrithikRoshan_115.jpg","119","91"
"HrithikRoshan_116.jpg","120","87"
"HrithikRoshan_117.jpg","101","98"
"HrithikRoshan_118.jpg","43","33"
"HrithikRoshan_119.jpg","68","58"
"HrithikRoshan_12.jpg","48","38"
"HrithikRoshan_120.jpg","69","54"
"HrithikRoshan_121.jpg","39","31"
"HrithikRoshan_122.jpg","67","38"
"HrithikRoshan_123.jpg","69","51"
"HrithikRoshan_124.jpg","93","72"
"HrithikRoshan_125.jpg","95","77"
"HrithikRoshan_126.jpg","52","36"
"HrithikRoshan_127.jpg","85","74"
"HrithikRoshan_128.jpg","94","65"
"HrithikRoshan_129.jpg","86","66"
"HrithikRoshan_13.jpg","65","42"
"HrithikRoshan_130.jpg","86","68"
"HrithikRoshan_131.jpg","28","25"
"HrithikRoshan_132.jpg","34","22"
"HrithikRoshan_133.jpg","37","27"
"HrithikRoshan_134.jpg","123","89"
"HrithikRoshan_135.jpg","179","145"
"HrithikRoshan_136.jpg","135","109"
"HrithikRoshan_137.jpg","62","39"
"HrithikRoshan_138.jpg","51","38"
"HrithikRoshan_139.jpg","47","35"
"HrithikRoshan_14.jpg","90","65"
"HrithikRoshan_140.jpg","37","37"
"HrithikRoshan_141.jpg","111","98"
"HrithikRoshan_142.jpg","65","49"
"HrithikRoshan_143.jpg","80","60"
"HrithikRoshan_144.jpg","95","68"
"HrithikRoshan_145.jpg","55","35"
"HrithikRoshan_146.jpg","60","76"
"HrithikRoshan_147.jpg","52","33"
"HrithikRoshan_148.jpg","41","27"
"HrithikRoshan_149.jpg","131","91"
"HrithikRoshan_15.jpg","27","21"
"HrithikRoshan_150.jpg","134","109"
"HrithikRoshan_151.jpg","138","103"
"HrithikRoshan_152.jpg","93","86"
"HrithikRoshan_153.jpg","73","51"
"HrithikRoshan_154.jpg","73","54"
"HrithikRoshan_155.jpg","39","30"
"HrithikRoshan_156.jpg","53","35"
"HrithikRoshan_157.jpg","71","56"
"HrithikRoshan_158.jpg","76","62"
"HrithikRoshan_159.jpg","149","116"
"HrithikRoshan_160.jpg","157","144"
"HrithikRoshan_161.jpg","118","76"
"HrithikRoshan_162.jpg","127","122"
"HrithikRoshan_163.jpg","156","120"
"HrithikRoshan_165.jpg","215","163"
"HrithikRoshan_166.jpg","133","108"
"HrithikRoshan_167.jpg","198","152"
"HrithikRoshan_168.jpg","37","27"
"HrithikRoshan_169.jpg","96","70"
"HrithikRoshan_17.jpg","46","31"
"HrithikRoshan_170.jpg","91","73"
"HrithikRoshan_173.jpg","91","84"
"HrithikRoshan_174.jpg","65","77"
"HrithikRoshan_175.jpg","87","78"
"HrithikRoshan_176.jpg","92","78"
"HrithikRoshan_177.jpg","106","76"
"HrithikRoshan_179.jpg","197","141"
"HrithikRoshan_18.jpg","82","54"
"HrithikRoshan_180.jpg","90","57"
"HrithikRoshan_181.jpg","222","155"
"HrithikRoshan_182.jpg","76","49"
"HrithikRoshan_183.jpg","161","122"
"HrithikRoshan_184.jpg","164","119"
"HrithikRoshan_185.jpg","155","114"
"HrithikRoshan_187.jpg","167","109"
"HrithikRoshan_188.jpg","81","56"
"HrithikRoshan_189.jpg","87","65"
"HrithikRoshan_19.jpg","77","71"
"HrithikRoshan_190.jpg","97","67"
"HrithikRoshan_191.jpg","83","56"
"HrithikRoshan_192.jpg","81","72"
"HrithikRoshan_193.jpg","85","64"
"HrithikRoshan_194.jpg","136","102"
"HrithikRoshan_195.jpg","75","43"
"HrithikRoshan_196.jpg","100","81"
"HrithikRoshan_197.jpg","100","69"
"HrithikRoshan_199.jpg","50","44"
"HrithikRoshan_2.jpg","120","88"
"HrithikRoshan_20.jpg","99","70"
"HrithikRoshan_200.jpg","55","39"
"HrithikRoshan_201.jpg","69","53"
"HrithikRoshan_202.jpg","98","69"
"HrithikRoshan_203.jpg","66","52"
"HrithikRoshan_204.jpg","73","54"
"HrithikRoshan_205.jpg","64","45"
"HrithikRoshan_206.jpg","139","111"
"HrithikRoshan_209.jpg","118","112"
"HrithikRoshan_21.jpg","96","66"
"HrithikRoshan_210.jpg","117","80"
"HrithikRoshan_212.jpg","218","166"
"HrithikRoshan_213.jpg","91","67"
"HrithikRoshan_214.jpg","95","73"
"HrithikRoshan_216.jpg","40","26"
"HrithikRoshan_217.jpg","59","45"
"HrithikRoshan_219.jpg","97","55"
"HrithikRoshan_22.jpg","141","117"
"HrithikRoshan_220.jpg","74","50"
"HrithikRoshan_221.jpg","245","184"
"HrithikRoshan_222.jpg","149","104"
"HrithikRoshan_23.jpg","65","49"
"HrithikRoshan_24.jpg","69","53"
"HrithikRoshan_25.jpg","79","51"
"HrithikRoshan_26.jpg","74","51"
"HrithikRoshan_27.jpg","95","71"
"HrithikRoshan_3.jpg","146","90"
"HrithikRoshan_30.jpg","111","84"
"HrithikRoshan_31.jpg","52","28"
"HrithikRoshan_32.jpg","116","83"
"HrithikRoshan_34.jpg","92","59"
"HrithikRoshan_35.jpg","199","149"
"HrithikRoshan_37.jpg","62","40"
"HrithikRoshan_38.jpg","73","59"
"HrithikRoshan_39.jpg","72","56"
"HrithikRoshan_4.jpg","127","146"
"HrithikRoshan_41.jpg","75","55"
"HrithikRoshan_42.jpg","65","60"
"HrithikRoshan_43.jpg","24","25"
"HrithikRoshan_44.jpg","202","181"
"HrithikRoshan_45.jpg","210","166"
"HrithikRoshan_46.jpg","225","177"
"HrithikRoshan_47.jpg","240","225"
"HrithikRoshan_48.jpg","141","107"
"HrithikRoshan_49.jpg","124","109"
"HrithikRoshan_5.jpg","86","64"
"HrithikRoshan_50.jpg","70","43"
"HrithikRoshan_51.jpg","104","84"
"HrithikRoshan_52.jpg","139","98"
"HrithikRoshan_53.jpg","189","137"
"HrithikRoshan_55.jpg","104","57"
"HrithikRoshan_57.jpg","241","187"
"HrithikRoshan_59.jpg","107","83"
"HrithikRoshan_6.jpg","98","70"
"HrithikRoshan_60.jpg","55","48"
"HrithikRoshan_61.jpg","79","64"
"HrithikRoshan_62.jpg","68","61"
"HrithikRoshan_63.jpg","31","22"
"HrithikRoshan_64.jpg","32","23"
"HrithikRoshan_65.jpg","37","27"
"HrithikRoshan_66.jpg","37","26"
"HrithikRoshan_67.jpg","71","53"
"HrithikRoshan_68.jpg","71","61"
"HrithikRoshan_69.jpg","70","58"
"HrithikRoshan_7.jpg","85","73"
"HrithikRoshan_70.jpg","29","23"
"HrithikRoshan_71.jpg","49","35"
"HrithikRoshan_72.jpg","57","45"
"HrithikRoshan_73.jpg","129","96"
"HrithikRoshan_74.jpg","65","65"
"HrithikRoshan_75.jpg","73","58"
"HrithikRoshan_76.jpg","76","56"
"HrithikRoshan_77.jpg","80","55"
"HrithikRoshan_79.jpg","144","92"
"HrithikRoshan_8.jpg","118","106"
"HrithikRoshan_80.jpg","107","82"
"HrithikRoshan_81.jpg","91","75"
"HrithikRoshan_82.jpg","101","60"
"HrithikRoshan_83.jpg","96","59"
"HrithikRoshan_84.jpg","31","22"
"HrithikRoshan_85.jpg","33","24"
"HrithikRoshan_86.jpg","54","33"
"HrithikRoshan_87.jpg","48","34"
"HrithikRoshan_88.jpg","49","36"
"HrithikRoshan_89.jpg","65","46"
"HrithikRoshan_9.jpg","91","65"
"HrithikRoshan_90.jpg","89","70"
"HrithikRoshan_91.jpg","216","170"
"HrithikRoshan_92.jpg","110","88"
"HrithikRoshan_93.jpg","148","116"
"HrithikRoshan_94.jpg","118","88"
"HrithikRoshan_96.jpg","136","114"
"HrithikRoshan_97.jpg","45","30"
"HrithikRoshan_98.jpg","49","40"
"HrithikRoshan_99.jpg","46","30"
"Jayamadhuri_1.jpg","149","107"
"Jayamadhuri_10.jpg","33","26"
"Jayamadhuri_100.jpg","124","96"
"Jayamadhuri_105.jpg","58","38"
"Jayamadhuri_106.jpg","59","30"
"Jayamadhuri_107.jpg","84","63"
"Jayamadhuri_108.jpg","88","58"
"Jayamadhuri_109.jpg","88","61"
"Jayamadhuri_11.jpg","97","53"
"Jayamadhuri_110.jpg","83","54"
"Jayamadhuri_111.jpg","74","49"
"Jayamadhuri_112.jpg","66","46"
"Jayamadhuri_113.jpg","30","18"
"Jayamadhuri_114.jpg","130","93"
"Jayamadhuri_115.jpg","111","77"
"Jayamadhuri_116.jpg","45","36"
"Jayamadhuri_117.jpg","50","33"
"Jayamadhuri_118.jpg","52","38"
"Jayamadhuri_12.jpg","92","61"
"Jayamadhuri_120.jpg","52","42"
"Jayamadhuri_122.jpg","83","64"
"Jayamadhuri_123.jpg","102","75"
"Jayamadhuri_124.jpg","59","41"
"Jayamadhuri_125.jpg","70","50"
"Jayamadhuri_126.jpg","91","44"
"Jayamadhuri_127.jpg","68","38"
"Jayamadhuri_128.jpg","62","51"
"Jayamadhuri_129.jpg","61","47"
"Jayamadhuri_13.jpg","47","37"
"Jayamadhuri_130.jpg","39","24"
"Jayamadhuri_131.jpg","59","49"
"Jayamadhuri_132.jpg","60","56"
"Jayamadhuri_133.jpg","84","69"
"Jayamadhuri_136.jpg","132","117"
"Jayamadhuri_138.jpg","69","46"
"Jayamadhuri_139.jpg","83","67"
"Jayamadhuri_14.jpg","51","30"
"Jayamadhuri_141.jpg","125","98"
"Jayamadhuri_142.jpg","128","95"
"Jayamadhuri_143.jpg","116","102"
"Jayamadhuri_144.jpg","139","101"
"Jayamadhuri_145.jpg","48","65"
"Jayamadhuri_146.jpg","82","59"
"Jayamadhuri_147.jpg","31","25"
"Jayamadhuri_148.jpg","40","26"
"Jayamadhuri_149.jpg","107","76"
"Jayamadhuri_15.jpg","59","30"
"Jayamadhuri_150.jpg","104","53"
"Jayamadhuri_151.jpg","111","79"
"Jayamadhuri_152.jpg","72","54"
"Jayamadhuri_153.jpg","73","59"
"Jayamadhuri_154.jpg","91","73"
"Jayamadhuri_155.jpg","160","116"
"Jayamadhuri_157.jpg","79","59"
"Jayamadhuri_158.jpg","109","82"
"Jayamadhuri_16.jpg","142","80"
"Jayamadhuri_161.jpg","81","59"
"Jayamadhuri_162.jpg","113","80"
"Jayamadhuri_163.jpg","121","90"
"Jayamadhuri_164.jpg","127","78"
"Jayamadhuri_165.jpg","112","86"
"Jayamadhuri_168.jpg","216","153"
"Jayamadhuri_17.jpg","118","108"
"Jayamadhuri_170.jpg","210","156"
"Jayamadhuri_171.jpg","189","110"
"Jayamadhuri_172.jpg","205","138"
"Jayamadhuri_173.jpg","135","149"
"Jayamadhuri_174.jpg","79","64"
"Jayamadhuri_175.jpg","145","91"
"Jayamadhuri_178.jpg","99","80"
"Jayamadhuri_179.jpg","95","90"
"Jayamadhuri_18.jpg","140","98"
"Jayamadhuri_180.jpg","84","63"
"Jayamadhuri_182.jpg","80","65"
"Jayamadhuri_183.jpg","77","45"
"Jayamadhuri_185.jpg","39","23"
"Jayamadhuri_186.jpg","40","28"
"Jayamadhuri_187.jpg","68","54"
"Jayamadhuri_188.jpg","127","98"
"Jayamadhuri_19.jpg","161","117"
"Jayamadhuri_190.jpg","125","104"
"Jayamadhuri_191.jpg","86","57"
"Jayamadhuri_192.jpg","81","59"
"Jayamadhuri_193.jpg","111","91"
"Jayamadhuri_194.jpg","82","47"
"Jayamadhuri_195.jpg","187","148"
"Jayamadhuri_196.jpg","194","156"
"Jayamadhuri_197.jpg","139","94"
"Jayamadhuri_198.jpg","137","103"
"Jayamadhuri_199.jpg","124","111"
"Jayamadhuri_2.jpg","181","127"
"Jayamadhuri_20.jpg","180","133"
"Jayamadhuri_200.jpg","67","49"
"Jayamadhuri_201.jpg","135","102"
"Jayamadhuri_202.jpg","175","120"
"Jayamadhuri_203.jpg","172","139"
"Jayamadhuri_204.jpg","67","52"
"Jayamadhuri_205.jpg","173","135"
"Jayamadhuri_206.jpg","245","222"
"Jayamadhuri_207.jpg","97","77"
"Jayamadhuri_21.jpg","206","164"
"Jayamadhuri_22.jpg","110","82"
"Jayamadhuri_23.jpg","40","25"
"Jayamadhuri_24.jpg","102","69"
"Jayamadhuri_25.jpg","123","83"
"Jayamadhuri_26.jpg","115","87"
"Jayamadhuri_27.jpg","86","59"
"Jayamadhuri_28.jpg","77","53"
"Jayamadhuri_29.jpg","84","63"
"Jayamadhuri_3.jpg","174","119"
"Jayamadhuri_30.jpg","111","62"
"Jayamadhuri_31.jpg","135","96"
"Jayamadhuri_32.jpg","132","98"
"Jayamadhuri_33.jpg","80","60"
"Jayamadhuri_34.jpg","111","113"
"Jayamadhuri_35.jpg","116","86"
"Jayamadhuri_36.jpg","102","77"
"Jayamadhuri_37.jpg","84","48"
"Jayamadhuri_38.jpg","107","77"
"Jayamadhuri_39.jpg","53","35"
"Jayamadhuri_4.jpg","157","155"
"Jayamadhuri_40.jpg","68","50"
"Jayamadhuri_41.jpg","85","54"
"Jayamadhuri_42.jpg","85","32"
"Jayamadhuri_43.jpg","44","31"
"Jayamadhuri_44.jpg","55","42"
"Jayamadhuri_45.jpg","104","78"
"Jayamadhuri_46.jpg","93","55"
"Jayamadhuri_47.jpg","79","52"
"Jayamadhuri_5.jpg","152","88"
"Jayamadhuri_50.jpg","77","60"
"Jayamadhuri_51.jpg","82","58"
"Jayamadhuri_52.jpg","101","81"
"Jayamadhuri_53.jpg","119","82"
"Jayamadhuri_54.jpg","103","83"
"Jayamadhuri_55.jpg","99","61"
"Jayamadhuri_56.jpg","102","73"
"Jayamadhuri_57.jpg","87","71"
"Jayamadhuri_58.jpg","93","75"
"Jayamadhuri_59.jpg","261","261"
"Jayamadhuri_6.jpg","123","104"
"Jayamadhuri_61.jpg","126","96"
"Jayamadhuri_64.jpg","101","74"
"Jayamadhuri_65.jpg","50","38"
"Jayamadhuri_66.jpg","58","46"
"Jayamadhuri_67.jpg","111","84"
"Jayamadhuri_68.jpg","181","140"
"Jayamadhuri_69.jpg","190","141"
"Jayamadhuri_7.jpg","116","111"
"Jayamadhuri_70.jpg","196","159"
"Jayamadhuri_71.jpg","188","146"
"Jayamadhuri_73.jpg","203","148"
"Jayamadhuri_74.jpg","206","151"
"Jayamadhuri_76.jpg","153","129"
"Jayamadhuri_77.jpg","215","189"
"Jayamadhuri_78.jpg","181","184"
"Jayamadhuri_79.jpg","219","175"
"Jayamadhuri_8.jpg","165","98"
"Jayamadhuri_80.jpg","36","25"
"Jayamadhuri_83.jpg","90","66"
"Jayamadhuri_86.jpg","99","75"
"Jayamadhuri_87.jpg","99","75"
"Jayamadhuri_88.jpg","104","79"
"Jayamadhuri_89.jpg","105","77"
"Jayamadhuri_9.jpg","35","25"
"Jayamadhuri_90.jpg","99","80"
"Jayamadhuri_91.jpg","98","70"
"Jayamadhuri_94.jpg","108","71"
"Jayamadhuri_95.jpg","102","79"
"Jayamadhuri_96.jpg","101","69"
"Jayamadhuri_97.jpg","98","87"
"Jayamadhuri_98.jpg","91","73"
"Jayamadhuri_99.jpg","122","97"
"KatrinaKaif_1.jpg","485","298"
"KatrinaKaif_10.jpg","291","173"
"KatrinaKaif_11.jpg","347","194"
"KatrinaKaif_12.jpg","339","202"
"KatrinaKaif_14.jpg","370","245"
"KatrinaKaif_15.jpg","378","247"
"KatrinaKaif_16.jpg","513","299"
"KatrinaKaif_18.jpg","260","145"
"KatrinaKaif_19.jpg","296","213"
"KatrinaKaif_20.jpg","252","308"
"KatrinaKaif_21.jpg","333","236"
"KatrinaKaif_22.jpg","383","216"
"KatrinaKaif_26.jpg","198","134"
"KatrinaKaif_28.jpg","277","169"
"KatrinaKaif_30.jpg","250","124"
"KatrinaKaif_31.jpg","251","84"
"KatrinaKaif_32.jpg","261","117"
"KatrinaKaif_33.jpg","125","66"
"KatrinaKaif_34.jpg","150","135"
"KatrinaKaif_35.jpg","234","126"
"KatrinaKaif_38.jpg","412","236"
"KatrinaKaif_39.jpg","255","148"
"KatrinaKaif_40.jpg","145","81"
"KatrinaKaif_42.jpg","167","90"
"KatrinaKaif_43.jpg","244","162"
"KatrinaKaif_44.jpg","96","54"
"KatrinaKaif_45.jpg","248","162"
"KatrinaKaif_47.jpg","370","205"
"KatrinaKaif_48.jpg","398","256"
"KatrinaKaif_49.jpg","375","218"
"KatrinaKaif_5.jpg","246","152"
"KatrinaKaif_50.jpg","146","82"
"KatrinaKaif_52.jpg","344","193"
"KatrinaKaif_53.jpg","339","196"
"KatrinaKaif_54.jpg","279","211"
"KatrinaKaif_55.jpg","374","203"
"KatrinaKaif_56.jpg","383","241"
"KatrinaKaif_57.jpg","380","260"
"KatrinaKaif_58.jpg","404","233"
"KatrinaKaif_59.jpg","507","304"
"KatrinaKaif_6.jpg","249","160"
"KatrinaKaif_60.jpg","461","252"
"KatrinaKaif_62.jpg","522","248"
"KatrinaKaif_64.jpg","439","242"
"KatrinaKaif_65.jpg","258","128"
"KatrinaKaif_66.jpg","506","282"
"KatrinaKaif_67.jpg","477","276"
"KatrinaKaif_68.jpg","402","345"
"KatrinaKaif_69.jpg","480","225"
"KatrinaKaif_7.jpg","357","205"
"KatrinaKaif_70.jpg","202","108"
"KatrinaKaif_71.jpg","322","137"
"KatrinaKaif_72.jpg","213","104"
"KatrinaKaif_73.jpg","531","195"
"KatrinaKaif_75.jpg","379","266"
"KatrinaKaif_76.jpg","417","208"
"KatrinaKaif_77.jpg","429","231"
"KatrinaKaif_78.jpg","197","82"
"KatrinaKaif_79.jpg","268","121"
"KatrinaKaif_8.jpg","390","258"
"KatrinaKaif_82.jpg","479","219"
"KatrinaKaif_83.jpg","324","176"
"KatrinaKaif_84.jpg","321","166"
"KatrinaKaif_87.jpg","235","223"
"KatrinaKaif_89.jpg","301","137"
"KatrinaKaif_9.jpg","386","220"
"KatrinaKaif_90.jpg","473","237"
"KatrinaKaif_91.jpg","393","212"
"KatrinaKaif_92.jpg","409","193"
"KatrinaKaif_94.jpg","525","272"
"KatrinaKaif_95.jpg","279","128"
"KatrinaKaif_98.jpg","475","215"
"SharmilaTagore_10.jpg","60","51"
"SharmilaTagore_11.jpg","60","51"
"SharmilaTagore_14.jpg","117","97"
"SharmilaTagore_15.jpg","68","53"
"SharmilaTagore_16.jpg","109","81"
"SharmilaTagore_17.jpg","56","42"
"SharmilaTagore_18.jpg","74","58"
"SharmilaTagore_2.jpg","107","91"
"SharmilaTagore_20.jpg","78","58"
"SharmilaTagore_21.jpg","70","60"
"SharmilaTagore_22.jpg","105","80"
"SharmilaTagore_23.jpg","100","83"
"SharmilaTagore_24.jpg","104","81"
"SharmilaTagore_25.jpg","63","50"
"SharmilaTagore_26.jpg","95","78"
"SharmilaTagore_27.jpg","47","34"
"SharmilaTagore_28.jpg","48","42"
"SharmilaTagore_29.jpg","94","73"
"SharmilaTagore_3.jpg","106","89"
"SharmilaTagore_30.jpg","92","70"
"SharmilaTagore_32.jpg","85","65"
"SharmilaTagore_33.jpg","83","72"
"SharmilaTagore_34.jpg","42","36"
"SharmilaTagore_37.jpg","75","61"
"SharmilaTagore_38.jpg","90","71"
"SharmilaTagore_39.jpg","93","59"
"SharmilaTagore_4.jpg","105","90"
"SharmilaTagore_40.jpg","71","54"
"SharmilaTagore_41.jpg","67","61"
"SharmilaTagore_42.jpg","176","150"
"SharmilaTagore_43.jpg","164","149"
"SharmilaTagore_44.jpg","166","147"
"SharmilaTagore_45.jpg","182","145"
"SharmilaTagore_48.jpg","147","107"
"SharmilaTagore_49.jpg","239","223"
"SharmilaTagore_5.jpg","109","89"
"SharmilaTagore_50.jpg","270","214"
"SharmilaTagore_51.jpg","247","182"
"SharmilaTagore_52.jpg","245","176"
"SharmilaTagore_53.jpg","252","195"
"SharmilaTagore_54.jpg","245","186"
"SharmilaTagore_55.jpg","162","121"
"SharmilaTagore_56.jpg","170","120"
"SharmilaTagore_57.jpg","166","129"
"SharmilaTagore_6.jpg","44","42"
"SharmilaTagore_60.jpg","123","98"
"SharmilaTagore_61.jpg","123","101"
"SharmilaTagore_62.jpg","160","140"
"SharmilaTagore_63.jpg","172","147"
"SharmilaTagore_65.jpg","163","147"
"SharmilaTagore_66.jpg","116","99"
"SharmilaTagore_67.jpg","124","98"
"SharmilaTagore_68.jpg","122","91"
"SharmilaTagore_69.jpg","118","78"
"SharmilaTagore_70.jpg","112","92"
"SharmilaTagore_71.jpg","107","83"
"SharmilaTagore_72.jpg","151","127"
"SharmilaTagore_73.jpg","144","157"
"SharmilaTagore_74.jpg","139","129"
"SharmilaTagore_75.jpg","191","170"
"SharmilaTagore_76.jpg","195","174"
"SharmilaTagore_77.jpg","281","249"
"SharmilaTagore_79.jpg","297","249"
"SharmilaTagore_8.jpg","58","51"
"SharmilaTagore_80.jpg","290","274"
"SharmilaTagore_81.jpg","291","254"
"SharmilaTagore_82.jpg","177","145"
"SharmilaTagore_83.jpg","172","148"
"SharmilaTagore_9.jpg","61","52"
